epoch,time,train/box_loss,train/cls_loss,train/dfl_loss,metrics/precision(B),metrics/recall(B),metrics/mAP50(B),metrics/mAP50-95(B),val/box_loss,val/cls_loss,val/dfl_loss,lr/pg0,lr/pg1,lr/pg2
1,7.78395,2.01912,6.00091,1.41529,0,0,0,0,1.39691,5.27573,1.05232,0.00028,0.00028,0.00028
2,11.277,2.27453,6.19527,1.44951,0,0,0,0,1.39691,5.27573,1.05232,0.000568119,0.000568119,0.000568119
3,14.9146,2.27498,6.24742,1.47573,0,0,0,0,1.45279,5.78098,1.16764,0.000854324,0.000854324,0.000854324
4,18.553,2.03641,5.98075,1.42128,0,0,0,0,1.45279,5.78098,1.16764,0.0009901,0.0009901,0.0009901
5,22.2155,2.2418,6.96746,1.45785,0,0,0,0,1.51037,6.16387,1.19964,0.0009868,0.0009868,0.0009868
6,25.9343,2.34791,6.50439,1.44867,0,0,0,0,1.51037,6.16387,1.19964,0.0009835,0.0009835,0.0009835
7,29.8503,2.23978,6.08213,1.42394,0,0,0,0,1.51651,6.37646,1.208,0.0009802,0.0009802,0.0009802
8,33.6121,2.02707,6.74397,1.46298,0,0,0,0,1.51651,6.37646,1.208,0.0009769,0.0009769,0.0009769
9,37.3103,2.26742,6.53421,1.44772,0,0,0,0,1.50951,6.13001,1.18379,0.0009736,0.0009736,0.0009736
10,40.9898,2.17088,5.93725,1.46085,0,0,0,0,1.50951,6.13001,1.18379,0.0009703,0.0009703,0.0009703
11,45.0006,1.94523,5.65901,1.42332,0,0,0,0,1.4446,6.25833,1.15028,0.000967,0.000967,0.000967
12,48.8443,2.13099,5.97995,1.40617,0,0,0,0,1.4446,6.25833,1.15028,0.0009637,0.0009637,0.0009637
13,52.6115,2.05679,5.87522,1.40256,0,0,0,0,1.4446,6.25833,1.15028,0.0009604,0.0009604,0.0009604
14,56.5985,2.82622,6.44544,1.58512,0.15883,0.61949,0.18058,0.06762,2.11455,inf,1.57665,0.0009571,0.0009571,0.0009571
15,60.9665,2.71366,5.22615,1.54362,0.15883,0.61949,0.18058,0.06762,2.11455,inf,1.57665,0.0009538,0.0009538,0.0009538
16,65.4434,2.57024,14.7384,1.42604,0.00705,0.00232,0.00226,0.00023,3.37597,inf,2.88072,0.0009505,0.0009505,0.0009505
17,69.6369,2.45691,72.051,1.40138,0.00705,0.00232,0.00226,0.00023,3.37597,inf,2.88072,0.0009472,0.0009472,0.0009472
18,73.6944,2.58886,21.611,1.46272,0.00663,0.00928,0.00336,0.00093,2.32396,5.3493,1.28154,0.0009439,0.0009439,0.0009439
19,77.7407,2.77733,22.0274,1.53006,0.00663,0.00928,0.00336,0.00093,2.32396,5.3493,1.28154,0.0009406,0.0009406,0.0009406
20,81.8002,2.60448,15.0666,1.38826,0.00559,0.00464,0.00262,0.00092,2.30504,5.08165,1.24423,0.0009373,0.0009373,0.0009373
21,85.8101,2.6082,24.3439,1.40366,0.00559,0.00464,0.00262,0.00092,2.30504,5.08165,1.24423,0.000934,0.000934,0.000934
22,89.7349,2.44995,16.564,1.36825,0.01036,0.03712,0.00627,0.00276,nan,nan,nan,0.0009307,0.0009307,0.0009307
23,93.627,2.37258,6.30347,1.35843,0.01036,0.03712,0.00627,0.00276,nan,nan,nan,0.0009274,0.0009274,0.0009274
24,97.5399,2.36592,6.68931,1.38941,0.01036,0.03712,0.00627,0.00276,nan,nan,nan,0.0009241,0.0009241,0.0009241
25,101.388,2.11275,4.12642,1.27575,0.01103,0.05336,0.00584,0.00209,nan,nan,nan,0.0009208,0.0009208,0.0009208
26,105.209,1.92598,6.57275,1.28093,0.01103,0.05336,0.00584,0.00209,nan,nan,nan,0.0009175,0.0009175,0.0009175
27,109.01,1.58367,2.84358,1.18031,0.33333,0.06961,0.18895,0.09393,2.57816,inf,2.75198,0.0009142,0.0009142,0.0009142
28,113.111,1.81244,3.90989,1.57986,0.33333,0.06961,0.18895,0.09393,2.57816,inf,2.75198,0.0009109,0.0009109,0.0009109
29,117.333,1.79901,3.32885,1.21959,0.33333,0.06961,0.18895,0.09393,2.89241,inf,5.1231,0.0009076,0.0009076,0.0009076
30,121.601,1.68436,3.48932,1.1577,0.33333,0.06961,0.18895,0.09393,2.89241,inf,5.1231,0.0009043,0.0009043,0.0009043
31,125.7,1.74878,3.15308,1.18795,0.60965,0.35035,0.38483,0.1486,2.74607,4.09537,2.44712,0.000901,0.000901,0.000901
32,129.627,2.06992,2.36389,1.38219,0.60965,0.35035,0.38483,0.1486,2.74607,4.09537,2.44712,0.0008977,0.0008977,0.0008977
33,133.721,2.26847,2.37177,1.37562,0.4585,0.45244,0.41569,0.1634,1.88233,3.0518,1.45333,0.0008944,0.0008944,0.0008944
34,137.752,1.57226,2.1152,1.19053,0.4585,0.45244,0.41569,0.1634,1.88233,3.0518,1.45333,0.0008911,0.0008911,0.0008911
35,141.947,1.64267,1.7375,1.18977,0.4585,0.45244,0.41569,0.1634,1.88233,3.0518,1.45333,0.0008878,0.0008878,0.0008878
36,146.069,1.42467,1.49202,1.10678,0.83153,0.48098,0.54649,0.25059,1.86767,inf,1.85912,0.0008845,0.0008845,0.0008845
37,150.107,1.46837,1.441,1.13599,0.83153,0.48098,0.54649,0.25059,1.86767,inf,1.85912,0.0008812,0.0008812,0.0008812
38,154.116,1.48668,1.57213,1.18545,0.77506,0.44316,0.50302,0.28032,2.14814,37.4942,5.01483,0.0008779,0.0008779,0.0008779
39,157.934,1.38338,1.29907,1.02051,0.77506,0.44316,0.50302,0.28032,2.14814,37.4942,5.01483,0.0008746,0.0008746,0.0008746
40,161.969,1.31656,1.26329,1.05212,0.79468,0.63758,0.72396,0.46302,1.43778,13.8407,1.27087,0.0008713,0.0008713,0.0008713
41,165.957,1.26263,1.1993,1.11088,0.79468,0.63758,0.72396,0.46302,1.43778,13.8407,1.27087,0.000868,0.000868,0.000868
42,169.852,1.218,1.07673,1.04453,0.91595,0.76798,0.88408,0.59532,1.16543,1.22798,1.03128,0.0008647,0.0008647,0.0008647
43,173.689,1.13732,1.15906,1.034,0.91595,0.76798,0.88408,0.59532,1.16543,1.22798,1.03128,0.0008614,0.0008614,0.0008614
44,177.556,1.17092,1.19274,1.04365,0.94972,0.88631,0.95536,0.63458,1.17342,0.82793,1.03524,0.0008581,0.0008581,0.0008581
45,181.42,1.06625,0.82394,0.94368,0.94972,0.88631,0.95536,0.63458,1.17342,0.82793,1.03524,0.0008548,0.0008548,0.0008548
46,185.432,1.10316,0.88497,0.97871,0.94972,0.88631,0.95536,0.63458,1.17342,0.82793,1.03524,0.0008515,0.0008515,0.0008515
47,189.326,1.09031,0.79201,0.94565,0.95319,0.94483,0.97874,0.65405,1.09368,0.83687,1.02196,0.0008482,0.0008482,0.0008482
48,193.12,1.06156,0.76318,0.96206,0.95319,0.94483,0.97874,0.65405,1.09368,0.83687,1.02196,0.0008449,0.0008449,0.0008449
49,197.179,1.08667,0.82427,0.96312,0.94394,0.91647,0.97169,0.68197,1.03605,0.70803,0.99826,0.0008416,0.0008416,0.0008416
50,201.188,1.00074,0.76789,0.93739,0.94394,0.91647,0.97169,0.68197,1.03605,0.70803,0.99826,0.0008383,0.0008383,0.0008383
51,205.131,1.00842,0.75192,0.98809,0.94795,0.95128,0.97633,0.69161,1.0227,0.63365,0.99097,0.000835,0.000835,0.000835
52,209.071,0.93443,0.85028,0.96551,0.94795,0.95128,0.97633,0.69161,1.0227,0.63365,0.99097,0.0008317,0.0008317,0.0008317
53,213.012,0.95587,0.64505,0.88026,0.96909,0.94432,0.98127,0.7136,0.97423,0.65033,0.97613,0.0008284,0.0008284,0.0008284
54,217.019,0.91034,0.59574,0.8754,0.96909,0.94432,0.98127,0.7136,0.97423,0.65033,0.97613,0.0008251,0.0008251,0.0008251
55,220.998,0.93871,0.72279,0.92534,0.96909,0.94432,0.98127,0.7136,0.97423,0.65033,0.97613,0.0008218,0.0008218,0.0008218
56,224.828,0.91289,0.73103,0.93908,0.97855,0.95242,0.98609,0.73571,0.92912,0.70776,0.95192,0.0008185,0.0008185,0.0008185
57,228.605,0.88522,0.7498,0.91809,0.97855,0.95242,0.98609,0.73571,0.92912,0.70776,0.95192,0.0008152,0.0008152,0.0008152
58,232.611,0.90252,0.61138,0.91536,0.97636,0.95823,0.9875,0.74106,0.90923,0.58726,0.94793,0.0008119,0.0008119,0.0008119
59,236.594,0.93843,0.68642,0.9294,0.97636,0.95823,0.9875,0.74106,0.90923,0.58726,0.94793,0.0008086,0.0008086,0.0008086
60,240.54,0.93678,0.6317,0.9062,0.97475,0.95128,0.98522,0.73748,0.94562,0.58889,0.95101,0.0008053,0.0008053,0.0008053
61,244.213,0.91685,0.62532,0.93695,0.97475,0.95128,0.98522,0.73748,0.94562,0.58889,0.95101,0.000802,0.000802,0.000802
62,247.908,0.91505,0.68174,0.94202,0.96509,0.94664,0.98484,0.73755,0.91375,0.53181,0.94785,0.0007987,0.0007987,0.0007987
63,251.592,0.97134,0.88973,1.0034,0.96509,0.94664,0.98484,0.73755,0.91375,0.53181,0.94785,0.0007954,0.0007954,0.0007954
64,255.321,0.90822,0.6082,0.91987,0.95292,0.95824,0.98392,0.75071,0.87533,0.5698,0.93856,0.0007921,0.0007921,0.0007921
65,259.237,0.83562,0.61978,0.90142,0.95292,0.95824,0.98392,0.75071,0.87533,0.5698,0.93856,0.0007888,0.0007888,0.0007888
66,263.215,0.81481,0.62567,0.90195,0.95292,0.95824,0.98392,0.75071,0.87533,0.5698,0.93856,0.0007855,0.0007855,0.0007855
67,267.226,0.86987,0.60991,0.91267,0.94301,0.96056,0.98172,0.75024,0.90553,0.56503,0.94216,0.0007822,0.0007822,0.0007822
68,270.909,0.85894,0.57264,0.88795,0.94301,0.96056,0.98172,0.75024,0.90553,0.56503,0.94216,0.0007789,0.0007789,0.0007789
69,274.635,0.85646,0.53164,0.87897,0.94362,0.97216,0.98289,0.77376,0.83101,0.51247,0.92555,0.0007756,0.0007756,0.0007756
70,278.551,0.86349,0.67185,0.93707,0.94362,0.97216,0.98289,0.77376,0.83101,0.51247,0.92555,0.0007723,0.0007723,0.0007723
71,282.556,0.79583,0.58215,0.91698,0.95021,0.95824,0.98359,0.77652,0.84166,0.53385,0.92196,0.000769,0.000769,0.000769
72,286.526,0.81444,0.55204,0.88607,0.95021,0.95824,0.98359,0.77652,0.84166,0.53385,0.92196,0.0007657,0.0007657,0.0007657
73,290.392,0.85833,0.58921,0.90127,0.95513,0.9384,0.98179,0.77426,0.82125,0.58321,0.91884,0.0007624,0.0007624,0.0007624
74,294.055,0.79327,0.55726,0.88419,0.95513,0.9384,0.98179,0.77426,0.82125,0.58321,0.91884,0.0007591,0.0007591,0.0007591
75,297.802,0.78068,0.53538,0.87628,0.9602,0.95167,0.97898,0.78618,0.76437,0.58115,0.90478,0.0007558,0.0007558,0.0007558
76,301.794,0.8084,0.57971,0.91889,0.9602,0.95167,0.97898,0.78618,0.76437,0.58115,0.90478,0.0007525,0.0007525,0.0007525
77,305.644,0.76116,0.52635,0.89154,0.9602,0.95167,0.97898,0.78618,0.76437,0.58115,0.90478,0.0007492,0.0007492,0.0007492
78,309.447,0.74691,0.5119,0.87949,0.96448,0.96288,0.98727,0.79702,0.78163,0.49882,0.90477,0.0007459,0.0007459,0.0007459
79,313.431,0.76333,0.51193,0.88847,0.96448,0.96288,0.98727,0.79702,0.78163,0.49882,0.90477,0.0007426,0.0007426,0.0007426
80,317.455,0.85536,0.61945,0.90571,0.96997,0.97412,0.98666,0.76999,0.82023,0.48287,0.91677,0.0007393,0.0007393,0.0007393
81,321.117,0.78802,0.54656,0.9084,0.96997,0.97412,0.98666,0.76999,0.82023,0.48287,0.91677,0.000736,0.000736,0.000736
82,324.8,0.75631,0.52879,0.9093,0.97596,0.97912,0.98684,0.77517,0.79972,0.4667,0.9149,0.0007327,0.0007327,0.0007327
83,328.505,0.75973,0.48618,0.86258,0.97596,0.97912,0.98684,0.77517,0.79972,0.4667,0.9149,0.0007294,0.0007294,0.0007294
84,332.248,0.7396,0.46967,0.85539,0.97246,0.98325,0.98761,0.79018,0.76669,0.45979,0.90492,0.0007261,0.0007261,0.0007261
85,335.916,0.76765,0.49275,0.86759,0.97246,0.98325,0.98761,0.79018,0.76669,0.45979,0.90492,0.0007228,0.0007228,0.0007228
86,339.623,0.77363,0.50683,0.88045,0.97045,0.98376,0.98872,0.79599,0.76075,0.46265,0.90104,0.0007195,0.0007195,0.0007195
87,343.331,0.72618,0.48049,0.84747,0.97045,0.98376,0.98872,0.79599,0.76075,0.46265,0.90104,0.0007162,0.0007162,0.0007162
88,347.047,0.77961,0.48827,0.88028,0.97045,0.98376,0.98872,0.79599,0.76075,0.46265,0.90104,0.0007129,0.0007129,0.0007129
89,350.785,0.69601,0.44809,0.86825,0.97666,0.97083,0.98783,0.8012,0.74334,0.46283,0.89797,0.0007096,0.0007096,0.0007096
90,354.705,0.7842,0.56509,0.94467,0.97666,0.97083,0.98783,0.8012,0.74334,0.46283,0.89797,0.0007063,0.0007063,0.0007063
91,358.726,0.71588,0.44786,0.84883,0.97438,0.97081,0.98804,0.79789,0.72967,0.45069,0.89401,0.000703,0.000703,0.000703
92,362.44,0.72725,0.46073,0.87428,0.97438,0.97081,0.98804,0.79789,0.72967,0.45069,0.89401,0.0006997,0.0006997,0.0006997
93,366.167,0.75598,0.5257,0.9193,0.9665,0.97448,0.9876,0.79152,0.7727,0.46283,0.89779,0.0006964,0.0006964,0.0006964
94,369.878,0.72681,0.4623,0.85824,0.9665,0.97448,0.9876,0.79152,0.7727,0.46283,0.89779,0.0006931,0.0006931,0.0006931
95,373.631,0.78238,0.47477,0.85315,0.9718,0.96752,0.98369,0.79253,0.73523,0.4704,0.89391,0.0006898,0.0006898,0.0006898
96,377.338,0.68367,0.45841,0.85692,0.9718,0.96752,0.98369,0.79253,0.73523,0.4704,0.89391,0.0006865,0.0006865,0.0006865
97,381.067,0.71764,0.46736,0.89113,0.97443,0.96752,0.98881,0.80027,0.70727,0.44535,0.89354,0.0006832,0.0006832,0.0006832
98,384.751,0.72056,0.55405,0.91595,0.97443,0.96752,0.98881,0.80027,0.70727,0.44535,0.89354,0.0006799,0.0006799,0.0006799
99,388.453,0.67339,0.43769,0.85759,0.97443,0.96752,0.98881,0.80027,0.70727,0.44535,0.89354,0.0006766,0.0006766,0.0006766
100,392.18,0.70339,0.44367,0.86207,0.9791,0.97844,0.98991,0.79741,0.75227,0.43277,0.90465,0.0006733,0.0006733,0.0006733
101,395.879,0.73045,0.4568,0.87211,0.9791,0.97844,0.98991,0.79741,0.75227,0.43277,0.90465,0.00067,0.00067,0.00067
102,399.59,0.71977,0.45224,0.86245,0.97537,0.97448,0.98954,0.81402,0.71922,0.42272,0.89531,0.0006667,0.0006667,0.0006667
103,403.514,0.66851,0.45154,0.88317,0.97537,0.97448,0.98954,0.81402,0.71922,0.42272,0.89531,0.0006634,0.0006634,0.0006634
104,407.523,0.71776,0.52345,0.85934,0.97339,0.98376,0.98881,0.80756,0.71365,0.40977,0.89046,0.0006601,0.0006601,0.0006601
105,411.201,0.70972,0.42695,0.85239,0.97339,0.98376,0.98881,0.80756,0.71365,0.40977,0.89046,0.0006568,0.0006568,0.0006568
106,414.949,0.71207,0.44195,0.86273,0.97663,0.96972,0.98738,0.81524,0.69777,0.41807,0.8865,0.0006535,0.0006535,0.0006535
107,418.943,0.71861,0.43284,0.8627,0.97663,0.96972,0.98738,0.81524,0.69777,0.41807,0.8865,0.0006502,0.0006502,0.0006502
108,422.836,0.66992,0.41434,0.85902,0.9594,0.96752,0.9868,0.80688,0.72819,0.46873,0.88622,0.0006469,0.0006469,0.0006469
109,426.5,0.71022,0.44467,0.87357,0.9594,0.96752,0.9868,0.80688,0.72819,0.46873,0.88622,0.0006436,0.0006436,0.0006436
110,430.179,0.66082,0.43957,0.86547,0.9594,0.96752,0.9868,0.80688,0.72819,0.46873,0.88622,0.0006403,0.0006403,0.0006403
111,433.911,0.6655,0.42017,0.87162,0.97062,0.9652,0.98806,0.80626,0.72431,0.46411,0.88626,0.000637,0.000637,0.000637
112,437.59,0.7109,0.43641,0.85039,0.97062,0.9652,0.98806,0.80626,0.72431,0.46411,0.88626,0.0006337,0.0006337,0.0006337
113,441.318,0.68532,0.41409,0.86029,0.96332,0.97488,0.98709,0.82404,0.66404,0.40716,0.87471,0.0006304,0.0006304,0.0006304
114,445.304,0.65343,0.41638,0.84197,0.96332,0.97488,0.98709,0.82404,0.66404,0.40716,0.87471,0.0006271,0.0006271,0.0006271
115,449.315,0.64971,0.40507,0.86183,0.97438,0.97081,0.98665,0.81029,0.6979,0.3971,0.88045,0.0006238,0.0006238,0.0006238
116,452.994,0.67338,0.40739,0.84626,0.97438,0.97081,0.98665,0.81029,0.6979,0.3971,0.88045,0.0006205,0.0006205,0.0006205
117,456.722,0.68279,0.40559,0.85326,0.97439,0.97108,0.98749,0.80258,0.72014,0.40236,0.88637,0.0006172,0.0006172,0.0006172
118,460.416,0.71985,0.4513,0.85758,0.97439,0.97108,0.98749,0.80258,0.72014,0.40236,0.88637,0.0006139,0.0006139,0.0006139
119,464.098,0.67558,0.52342,0.84617,0.97439,0.97108,0.98749,0.80258,0.72014,0.40236,0.88637,0.0006106,0.0006106,0.0006106
120,467.821,0.63126,0.41652,0.86414,0.96729,0.96044,0.98681,0.81726,0.65288,0.42383,0.8724,0.0006073,0.0006073,0.0006073
121,471.514,0.6485,0.44116,0.87604,0.96729,0.96044,0.98681,0.81726,0.65288,0.42383,0.8724,0.000604,0.000604,0.000604
122,475.238,0.66693,0.40009,0.85945,0.96991,0.97215,0.99007,0.8184,0.65924,0.40409,0.87385,0.0006007,0.0006007,0.0006007
123,478.925,0.65835,0.40863,0.87051,0.96991,0.97215,0.99007,0.8184,0.65924,0.40409,0.87385,0.0005974,0.0005974,0.0005974
124,482.658,0.65587,0.40707,0.85934,0.97445,0.97321,0.98933,0.82118,0.65393,0.38577,0.8715,0.0005941,0.0005941,0.0005941
125,486.36,0.60692,0.38395,0.84022,0.97445,0.97321,0.98933,0.82118,0.65393,0.38577,0.8715,0.0005908,0.0005908,0.0005908
126,490.091,0.65728,0.39329,0.85181,0.9752,0.97448,0.98775,0.81636,0.66928,0.39369,0.87006,0.0005875,0.0005875,0.0005875
127,493.792,0.70063,0.45371,0.89061,0.9752,0.97448,0.98775,0.81636,0.66928,0.39369,0.87006,0.0005842,0.0005842,0.0005842
128,497.565,0.65244,0.38213,0.83713,0.97666,0.97076,0.98707,0.82265,0.6497,0.41298,0.86758,0.0005809,0.0005809,0.0005809
129,501.27,0.59578,0.38082,0.83163,0.97666,0.97076,0.98707,0.82265,0.6497,0.41298,0.86758,0.0005776,0.0005776,0.0005776
130,504.983,0.656,0.42337,0.87033,0.97666,0.97076,0.98707,0.82265,0.6497,0.41298,0.86758,0.0005743,0.0005743,0.0005743
131,508.737,0.68038,0.41022,0.87259,0.97112,0.97448,0.98671,0.81998,0.65509,0.39392,0.87308,0.000571,0.000571,0.000571
132,512.449,0.64419,0.38527,0.85552,0.97112,0.97448,0.98671,0.81998,0.65509,0.39392,0.87308,0.0005677,0.0005677,0.0005677
133,516.216,0.65883,0.41309,0.86707,0.97459,0.97891,0.98242,0.81061,0.67973,0.37788,0.88189,0.0005644,0.0005644,0.0005644
134,519.943,0.62295,0.37442,0.839,0.97459,0.97891,0.98242,0.81061,0.67973,0.37788,0.88189,0.0005611,0.0005611,0.0005611
135,523.705,0.6603,0.49426,0.85835,0.96841,0.9768,0.9813,0.83354,0.61844,0.35752,0.86485,0.0005578,0.0005578,0.0005578
136,527.776,0.67462,0.42344,0.88158,0.96841,0.9768,0.9813,0.83354,0.61844,0.35752,0.86485,0.0005545,0.0005545,0.0005545
137,531.825,0.66138,0.41472,0.86211,0.95892,0.9884,0.98275,0.82189,0.64898,0.3732,0.86905,0.0005512,0.0005512,0.0005512
138,535.497,0.67811,0.45044,0.90146,0.95892,0.9884,0.98275,0.82189,0.64898,0.3732,0.86905,0.0005479,0.0005479,0.0005479
139,539.251,0.63956,0.39011,0.84819,0.96131,0.9801,0.98327,0.8238,0.63951,0.37708,0.8694,0.0005446,0.0005446,0.0005446
140,542.981,0.63487,0.38031,0.83514,0.96131,0.9801,0.98327,0.8238,0.63951,0.37708,0.8694,0.0005413,0.0005413,0.0005413
141,546.715,0.64406,0.38059,0.83234,0.96131,0.9801,0.98327,0.8238,0.63951,0.37708,0.8694,0.000538,0.000538,0.000538
142,550.425,0.61334,0.38039,0.83511,0.9639,0.97216,0.98369,0.832,0.60958,0.37111,0.86089,0.0005347,0.0005347,0.0005347
143,554.155,0.64415,0.41756,0.85707,0.9639,0.97216,0.98369,0.832,0.60958,0.37111,0.86089,0.0005314,0.0005314,0.0005314
144,557.929,0.61292,0.35852,0.8307,0.97891,0.96937,0.98544,0.83129,0.61302,0.36323,0.86244,0.0005281,0.0005281,0.0005281
145,561.665,0.62348,0.37172,0.82126,0.97891,0.96937,0.98544,0.83129,0.61302,0.36323,0.86244,0.0005248,0.0005248,0.0005248
146,565.462,0.76968,0.46263,1.05528,0.97663,0.96957,0.98635,0.83976,0.59634,0.36145,0.86077,0.0005215,0.0005215,0.0005215
147,569.475,0.62386,0.37755,0.82705,0.97663,0.96957,0.98635,0.83976,0.59634,0.36145,0.86077,0.0005182,0.0005182,0.0005182
148,573.495,0.60095,0.36166,0.82369,0.97546,0.97448,0.988,0.83342,0.62735,0.37101,0.86494,0.0005149,0.0005149,0.0005149
149,577.136,0.59089,0.37743,0.82203,0.97546,0.97448,0.988,0.83342,0.62735,0.37101,0.86494,0.0005116,0.0005116,0.0005116
150,580.82,0.60168,0.3639,0.82756,0.97679,0.9763,0.98912,0.83862,0.62493,0.37537,0.86661,0.0005083,0.0005083,0.0005083
151,584.558,0.5847,0.3426,0.81556,0.97679,0.9763,0.98912,0.83862,0.62493,0.37537,0.86661,0.000505,0.000505,0.000505
152,588.317,0.65448,0.37424,0.82708,0.97679,0.9763,0.98912,0.83862,0.62493,0.37537,0.86661,0.0005017,0.0005017,0.0005017
153,592.07,0.60877,0.36155,0.8368,0.97675,0.97464,0.98976,0.84222,0.60978,0.36691,0.86059,0.0004984,0.0004984,0.0004984
154,596,0.60586,0.36838,0.83753,0.97675,0.97464,0.98976,0.84222,0.60978,0.36691,0.86059,0.0004951,0.0004951,0.0004951
155,600.065,0.60853,0.36284,0.84409,0.97014,0.97992,0.99049,0.84186,0.6152,0.35683,0.86395,0.0004918,0.0004918,0.0004918
156,603.783,0.59412,0.34767,0.82271,0.97014,0.97992,0.99049,0.84186,0.6152,0.35683,0.86395,0.0004885,0.0004885,0.0004885
157,607.53,0.59378,0.35525,0.84037,0.96604,0.98995,0.99011,0.84261,0.60067,0.34357,0.86235,0.0004852,0.0004852,0.0004852
158,611.481,0.60737,0.35546,0.83648,0.96604,0.98995,0.99011,0.84261,0.60067,0.34357,0.86235,0.0004819,0.0004819,0.0004819
159,615.391,0.61154,0.36736,0.86157,0.96585,0.98417,0.98704,0.83804,0.60371,0.34339,0.85976,0.0004786,0.0004786,0.0004786
160,619.169,0.60438,0.36134,0.83237,0.96585,0.98417,0.98704,0.83804,0.60371,0.34339,0.85976,0.0004753,0.0004753,0.0004753
161,622.956,0.59183,0.35838,0.8395,0.96367,0.98457,0.98645,0.83292,0.60513,0.34712,0.8574,0.000472,0.000472,0.000472
162,626.705,0.60613,0.37163,0.83227,0.96367,0.98457,0.98645,0.83292,0.60513,0.34712,0.8574,0.0004687,0.0004687,0.0004687
163,630.448,0.60547,0.35649,0.83847,0.96367,0.98457,0.98645,0.83292,0.60513,0.34712,0.8574,0.0004654,0.0004654,0.0004654
164,634.222,0.59309,0.35723,0.83607,0.96504,0.96288,0.98462,0.83371,0.59989,0.36025,0.85915,0.0004621,0.0004621,0.0004621
165,637.959,0.59775,0.36471,0.82597,0.96504,0.96288,0.98462,0.83371,0.59989,0.36025,0.85915,0.0004588,0.0004588,0.0004588
166,641.713,0.57667,0.34794,0.81422,0.96046,0.95804,0.98212,0.83552,0.60136,0.37021,0.85796,0.0004555,0.0004555,0.0004555
167,645.464,0.61004,0.35773,0.83102,0.96046,0.95804,0.98212,0.83552,0.60136,0.37021,0.85796,0.0004522,0.0004522,0.0004522
168,649.204,0.6294,0.37503,0.85261,0.95833,0.96052,0.98348,0.84344,0.58273,0.35562,0.85058,0.0004489,0.0004489,0.0004489
169,653.207,0.6572,0.41165,0.87669,0.95833,0.96052,0.98348,0.84344,0.58273,0.35562,0.85058,0.0004456,0.0004456,0.0004456
170,657.175,0.62863,0.36952,0.83861,0.95897,0.96752,0.98659,0.84396,0.58504,0.36515,0.85077,0.0004423,0.0004423,0.0004423
171,661.108,0.58564,0.34778,0.83962,0.95897,0.96752,0.98659,0.84396,0.58504,0.36515,0.85077,0.000439,0.000439,0.000439
172,665.087,0.59428,0.34654,0.81561,0.96671,0.94316,0.98548,0.83642,0.58729,0.37368,0.85474,0.0004357,0.0004357,0.0004357
173,668.868,0.62015,0.39714,0.88875,0.96671,0.94316,0.98548,0.83642,0.58729,0.37368,0.85474,0.0004324,0.0004324,0.0004324
174,672.61,0.58023,0.35364,0.84348,0.96671,0.94316,0.98548,0.83642,0.58729,0.37368,0.85474,0.0004291,0.0004291,0.0004291
175,676.397,0.60281,0.35,0.82825,0.96545,0.97239,0.98898,0.84551,0.58743,0.35802,0.85502,0.0004258,0.0004258,0.0004258
176,680.399,0.60961,0.35859,0.83965,0.96545,0.97239,0.98898,0.84551,0.58743,0.35802,0.85502,0.0004225,0.0004225,0.0004225
177,684.384,0.57845,0.34731,0.82459,0.96577,0.98179,0.98971,0.84087,0.62401,0.35331,0.85695,0.0004192,0.0004192,0.0004192
178,688.111,0.64433,0.3905,0.88293,0.96577,0.98179,0.98971,0.84087,0.62401,0.35331,0.85695,0.0004159,0.0004159,0.0004159
179,691.871,0.58365,0.34765,0.83649,0.97244,0.9825,0.98961,0.83777,0.62561,0.34869,0.85755,0.0004126,0.0004126,0.0004126
180,695.577,0.58132,0.34472,0.82336,0.97244,0.9825,0.98961,0.83777,0.62561,0.34869,0.85755,0.0004093,0.0004093,0.0004093
181,699.328,0.57261,0.3402,0.83393,0.97244,0.98229,0.98883,0.84304,0.59437,0.33546,0.85715,0.000406,0.000406,0.000406
182,703.086,0.60168,0.33991,0.82324,0.97244,0.98229,0.98883,0.84304,0.59437,0.33546,0.85715,0.0004027,0.0004027,0.0004027
183,706.819,0.60401,0.35325,0.8374,0.97244,0.98229,0.98883,0.84304,0.59437,0.33546,0.85715,0.0003994,0.0003994,0.0003994
184,710.556,0.56367,0.34605,0.83165,0.97098,0.9768,0.98928,0.84111,0.58691,0.33599,0.85721,0.0003961,0.0003961,0.0003961
185,714.275,0.57772,0.34131,0.8257,0.97098,0.9768,0.98928,0.84111,0.58691,0.33599,0.85721,0.0003928,0.0003928,0.0003928
186,718.023,0.56747,0.33052,0.82619,0.97247,0.97216,0.9888,0.84008,0.59358,0.33939,0.8584,0.0003895,0.0003895,0.0003895
187,721.745,0.59813,0.37212,0.86131,0.97247,0.97216,0.9888,0.84008,0.59358,0.33939,0.8584,0.0003862,0.0003862,0.0003862
188,725.485,0.58659,0.33512,0.82275,0.97001,0.97567,0.98896,0.84041,0.60074,0.3404,0.86004,0.0003829,0.0003829,0.0003829
189,729.21,0.52675,0.31269,0.83581,0.97001,0.97567,0.98896,0.84041,0.60074,0.3404,0.86004,0.0003796,0.0003796,0.0003796
190,732.952,0.54507,0.33291,0.84652,0.96758,0.96933,0.98743,0.83917,0.60659,0.35294,0.86193,0.0003763,0.0003763,0.0003763
191,736.695,0.55458,0.3274,0.83079,0.96758,0.96933,0.98743,0.83917,0.60659,0.35294,0.86193,0.000373,0.000373,0.000373
192,740.424,0.5717,0.37048,0.87694,0.9628,0.96075,0.98777,0.84102,0.60198,0.36302,0.85969,0.0003697,0.0003697,0.0003697
193,744.147,0.58131,0.34064,0.8238,0.9628,0.96075,0.98777,0.84102,0.60198,0.36302,0.85969,0.0003664,0.0003664,0.0003664
194,747.879,0.57019,0.34595,0.82272,0.9628,0.96075,0.98777,0.84102,0.60198,0.36302,0.85969,0.0003631,0.0003631,0.0003631
195,751.642,0.56505,0.33885,0.81898,0.95647,0.9652,0.98667,0.8415,0.59672,0.3545,0.85652,0.0003598,0.0003598,0.0003598
196,755.368,0.55429,0.32619,0.83714,0.95647,0.9652,0.98667,0.8415,0.59672,0.3545,0.85652,0.0003565,0.0003565,0.0003565
197,759.141,0.62325,0.37742,0.84788,0.94731,0.96984,0.98534,0.83234,0.60534,0.35555,0.85819,0.0003532,0.0003532,0.0003532
198,762.864,0.55539,0.33422,0.82661,0.94731,0.96984,0.98534,0.83234,0.60534,0.35555,0.85819,0.0003499,0.0003499,0.0003499
199,766.617,0.5631,0.34631,0.84577,0.94528,0.96752,0.98442,0.82662,0.61574,0.35903,0.85989,0.0003466,0.0003466,0.0003466
200,770.298,0.58974,0.34666,0.83114,0.94528,0.96752,0.98442,0.82662,0.61574,0.35903,0.85989,0.0003433,0.0003433,0.0003433
201,774.055,0.61621,0.40528,0.90548,0.95019,0.97448,0.98662,0.8383,0.60227,0.34162,0.85826,0.00034,0.00034,0.00034
202,777.779,0.56109,0.33111,0.84049,0.95019,0.97448,0.98662,0.8383,0.60227,0.34162,0.85826,0.0003367,0.0003367,0.0003367
203,781.529,0.61294,0.38054,0.87106,0.95273,0.97216,0.98694,0.84537,0.60158,0.33683,0.86092,0.0003334,0.0003334,0.0003334
204,785.265,0.57288,0.34047,0.82463,0.95273,0.97216,0.98694,0.84537,0.60158,0.33683,0.86092,0.0003301,0.0003301,0.0003301
205,789.001,0.56253,0.33732,0.82666,0.95273,0.97216,0.98694,0.84537,0.60158,0.33683,0.86092,0.0003268,0.0003268,0.0003268
206,792.774,0.57011,0.34351,0.83267,0.96139,0.97448,0.98743,0.84807,0.58929,0.33312,0.85957,0.0003235,0.0003235,0.0003235
207,796.804,0.57896,0.34857,0.84963,0.96139,0.97448,0.98743,0.84807,0.58929,0.33312,0.85957,0.0003202,0.0003202,0.0003202
208,800.741,0.55338,0.31912,0.81562,0.96848,0.97448,0.98834,0.85284,0.58163,0.33226,0.85555,0.0003169,0.0003169,0.0003169
209,804.749,0.53805,0.31976,0.82202,0.96848,0.97448,0.98834,0.85284,0.58163,0.33226,0.85555,0.0003136,0.0003136,0.0003136
210,808.735,0.53948,0.31646,0.81748,0.96752,0.9768,0.98871,0.84894,0.58462,0.32483,0.8543,0.0003103,0.0003103,0.0003103
211,812.443,0.57509,0.32786,0.81255,0.96752,0.9768,0.98871,0.84894,0.58462,0.32483,0.8543,0.000307,0.000307,0.000307
212,816.179,0.55316,0.32102,0.81682,0.96783,0.97718,0.98875,0.84811,0.57926,0.32318,0.85465,0.0003037,0.0003037,0.0003037
213,819.909,0.55003,0.3314,0.83242,0.96783,0.97718,0.98875,0.84811,0.57926,0.32318,0.85465,0.0003004,0.0003004,0.0003004
214,823.672,0.57126,0.3316,0.81792,0.96791,0.97971,0.98948,0.84975,0.57548,0.32276,0.85333,0.0002971,0.0002971,0.0002971
215,827.403,0.55174,0.35146,0.85917,0.96791,0.97971,0.98948,0.84975,0.57548,0.32276,0.85333,0.0002938,0.0002938,0.0002938
216,831.135,0.56294,0.34566,0.86088,0.96791,0.97971,0.98948,0.84975,0.57548,0.32276,0.85333,0.0002905,0.0002905,0.0002905
217,834.92,0.52596,0.31278,0.83647,0.96926,0.98144,0.98992,0.85221,0.57563,0.32297,0.85333,0.0002872,0.0002872,0.0002872
218,838.656,0.55628,0.32074,0.8266,0.96926,0.98144,0.98992,0.85221,0.57563,0.32297,0.85333,0.0002839,0.0002839,0.0002839
219,842.416,0.5777,0.33905,0.85137,0.96799,0.9822,0.98943,0.84886,0.57248,0.32601,0.85374,0.0002806,0.0002806,0.0002806
220,846.158,0.55131,0.31625,0.824,0.96799,0.9822,0.98943,0.84886,0.57248,0.32601,0.85374,0.0002773,0.0002773,0.0002773
221,849.921,0.58192,0.32639,0.81867,0.96632,0.98608,0.98948,0.84677,0.57696,0.32828,0.85502,0.000274,0.000274,0.000274
222,853.654,0.6092,0.35772,0.85775,0.96632,0.98608,0.98948,0.84677,0.57696,0.32828,0.85502,0.0002707,0.0002707,0.0002707
223,857.395,0.56237,0.32768,0.82337,0.97695,0.98346,0.98966,0.85401,0.56753,0.32063,0.85149,0.0002674,0.0002674,0.0002674
224,861.413,0.56743,0.3337,0.83483,0.97695,0.98346,0.98966,0.85401,0.56753,0.32063,0.85149,0.0002641,0.0002641,0.0002641
225,865.457,0.57132,0.31598,0.81868,0.97188,0.98376,0.98972,0.84821,0.5765,0.3192,0.84966,0.0002608,0.0002608,0.0002608
226,869.189,0.56087,0.32369,0.82672,0.97188,0.98376,0.98972,0.84821,0.5765,0.3192,0.84966,0.0002575,0.0002575,0.0002575
227,872.923,0.58321,0.33431,0.82678,0.97188,0.98376,0.98972,0.84821,0.5765,0.3192,0.84966,0.0002542,0.0002542,0.0002542
228,876.652,0.60144,0.35678,0.84909,0.97833,0.97912,0.98947,0.84675,0.58079,0.32176,0.85132,0.0002509,0.0002509,0.0002509
229,880.38,0.56168,0.31741,0.83088,0.97833,0.97912,0.98947,0.84675,0.58079,0.32176,0.85132,0.0002476,0.0002476,0.0002476
230,884.153,0.5302,0.30705,0.81459,0.97859,0.9768,0.98909,0.85741,0.55184,0.32349,0.84878,0.0002443,0.0002443,0.0002443
231,888.104,0.56012,0.3217,0.81122,0.97859,0.9768,0.98909,0.85741,0.55184,0.32349,0.84878,0.000241,0.000241,0.000241
232,892.1,0.53636,0.31034,0.81748,0.97467,0.9819,0.98904,0.85356,0.55466,0.31487,0.84914,0.0002377,0.0002377,0.0002377
233,895.861,0.55703,0.32422,0.81964,0.97467,0.9819,0.98904,0.85356,0.55466,0.31487,0.84914,0.0002344,0.0002344,0.0002344
234,899.652,0.58706,0.32277,0.8209,0.975,0.97448,0.98958,0.8545,0.56359,0.31305,0.84924,0.0002311,0.0002311,0.0002311
235,903.386,0.55439,0.32539,0.82032,0.975,0.97448,0.98958,0.8545,0.56359,0.31305,0.84924,0.0002278,0.0002278,0.0002278
236,907.144,0.54534,0.32085,0.8531,0.97872,0.96984,0.98958,0.8545,0.5648,0.31269,0.84861,0.0002245,0.0002245,0.0002245
237,910.888,0.5872,0.33015,0.83012,0.97872,0.96984,0.98958,0.8545,0.5648,0.31269,0.84861,0.0002212,0.0002212,0.0002212
238,914.624,0.58972,0.33463,0.87037,0.97872,0.96984,0.98958,0.8545,0.5648,0.31269,0.84861,0.0002179,0.0002179,0.0002179
239,918.417,0.55943,0.31036,0.81021,0.97792,0.9652,0.98956,0.8561,0.56719,0.3157,0.84898,0.0002146,0.0002146,0.0002146
240,922.142,0.56957,0.32814,0.81279,0.97792,0.9652,0.98956,0.8561,0.56719,0.3157,0.84898,0.0002113,0.0002113,0.0002113
241,925.898,0.58322,0.33645,0.87477,0.97651,0.96438,0.98914,0.85926,0.55351,0.31978,0.84902,0.000208,0.000208,0.000208
242,929.898,0.54225,0.31977,0.85171,0.97651,0.96438,0.98914,0.85926,0.55351,0.31978,0.84902,0.0002047,0.0002047,0.0002047
243,933.779,0.51827,0.30023,0.81007,0.97146,0.96056,0.98912,0.86086,0.55354,0.32124,0.8495,0.0002014,0.0002014,0.0002014
244,937.626,0.55516,0.31006,0.83883,0.97146,0.96056,0.98912,0.86086,0.55354,0.32124,0.8495,0.0001981,0.0001981,0.0001981
245,941.586,0.52528,0.34332,0.79136,0.972,0.9664,0.98965,0.85846,0.55735,0.31506,0.84971,0.0001948,0.0001948,0.0001948
246,945.295,0.54673,0.30391,0.80513,0.972,0.9664,0.98965,0.85846,0.55735,0.31506,0.84971,0.0001915,0.0001915,0.0001915
247,948.991,0.54656,0.33591,0.86738,0.972,0.9664,0.98965,0.85846,0.55735,0.31506,0.84971,0.0001882,0.0001882,0.0001882
248,952.729,0.53565,0.31446,0.82499,0.97706,0.9652,0.98984,0.85543,0.56198,0.31694,0.85097,0.0001849,0.0001849,0.0001849
249,956.432,0.56418,0.31734,0.82322,0.97706,0.9652,0.98984,0.85543,0.56198,0.31694,0.85097,0.0001816,0.0001816,0.0001816
250,960.189,0.53839,0.30068,0.80727,0.97446,0.97375,0.98983,0.85896,0.55559,0.3108,0.85108,0.0001783,0.0001783,0.0001783
251,963.888,0.5709,0.31908,0.85098,0.97446,0.97375,0.98983,0.85896,0.55559,0.3108,0.85108,0.000175,0.000175,0.000175
252,967.591,0.524,0.29485,0.81628,0.97863,0.97216,0.99026,0.8593,0.55285,0.30868,0.8506,0.0001717,0.0001717,0.0001717
253,971.317,0.51635,0.29009,0.8073,0.97863,0.97216,0.99026,0.8593,0.55285,0.30868,0.8506,0.0001684,0.0001684,0.0001684
254,975.075,0.54692,0.31155,0.82067,0.9764,0.97216,0.99021,0.85695,0.55635,0.30477,0.85005,0.0001651,0.0001651,0.0001651
255,978.807,0.54095,0.30085,0.82113,0.9764,0.97216,0.99021,0.85695,0.55635,0.30477,0.85005,0.0001618,0.0001618,0.0001618
256,982.542,0.56602,0.31304,0.82607,0.9767,0.97262,0.99063,0.85848,0.55856,0.30111,0.85021,0.0001585,0.0001585,0.0001585
257,986.273,0.51276,0.28108,0.8181,0.9767,0.97262,0.99063,0.85848,0.55856,0.30111,0.85021,0.0001552,0.0001552,0.0001552
258,990.024,0.54573,0.31831,0.86715,0.9767,0.97262,0.99063,0.85848,0.55856,0.30111,0.85021,0.0001519,0.0001519,0.0001519
259,993.806,0.52947,0.31786,0.8233,0.97578,0.97216,0.9902,0.85556,0.56037,0.30616,0.85024,0.0001486,0.0001486,0.0001486
260,997.527,0.56,0.3104,0.85902,0.97578,0.97216,0.9902,0.85556,0.56037,0.30616,0.85024,0.0001453,0.0001453,0.0001453
261,1001.33,0.55128,0.30528,0.80899,0.97669,0.97214,0.98952,0.86055,0.55088,0.30876,0.84839,0.000142,0.000142,0.000142
262,1005.09,0.5242,0.30348,0.82724,0.97669,0.97214,0.98952,0.86055,0.55088,0.30876,0.84839,0.0001387,0.0001387,0.0001387
263,1008.87,0.58133,0.34259,0.8652,0.97441,0.9718,0.98918,0.85893,0.5476,0.30621,0.84817,0.0001354,0.0001354,0.0001354
264,1012.62,0.53776,0.31155,0.83667,0.97441,0.9718,0.98918,0.85893,0.5476,0.30621,0.84817,0.0001321,0.0001321,0.0001321
265,1016.4,0.55963,0.31563,0.83298,0.97439,0.97123,0.98907,0.85855,0.5514,0.31695,0.84785,0.0001288,0.0001288,0.0001288
266,1020.14,0.53742,0.30616,0.83187,0.97439,0.97123,0.98907,0.85855,0.5514,0.31695,0.84785,0.0001255,0.0001255,0.0001255
267,1023.95,0.5192,0.29546,0.83849,0.97273,0.96984,0.98898,0.85707,0.55042,0.31577,0.84849,0.0001222,0.0001222,0.0001222
268,1027.67,0.53085,0.30074,0.81822,0.97273,0.96984,0.98898,0.85707,0.55042,0.31577,0.84849,0.0001189,0.0001189,0.0001189
269,1031.4,0.51855,0.29919,0.81397,0.97273,0.96984,0.98898,0.85707,0.55042,0.31577,0.84849,0.0001156,0.0001156,0.0001156
270,1035.16,0.52095,0.29495,0.80965,0.97435,0.96941,0.98877,0.86026,0.54606,0.31218,0.84903,0.0001123,0.0001123,0.0001123
271,1038.89,0.51953,0.29923,0.81935,0.97435,0.96941,0.98877,0.86026,0.54606,0.31218,0.84903,0.000109,0.000109,0.000109
272,1042.62,0.54093,0.29675,0.82197,0.96768,0.97265,0.98888,0.86562,0.54224,0.308,0.84743,0.0001057,0.0001057,0.0001057
273,1046.7,0.57427,0.33848,0.87921,0.96768,0.97265,0.98888,0.86562,0.54224,0.308,0.84743,0.0001024,0.0001024,0.0001024
274,1050.85,0.54638,0.29982,0.83552,0.97003,0.97639,0.98938,0.8629,0.54238,0.2988,0.8477,9.91e-05,9.91e-05,9.91e-05
275,1054.58,0.51614,0.29488,0.818,0.97003,0.97639,0.98938,0.8629,0.54238,0.2988,0.8477,9.58e-05,9.58e-05,9.58e-05
276,1058.31,0.5161,0.30139,0.82843,0.96136,0.98122,0.98929,0.8637,0.53924,0.29532,0.84725,9.25e-05,9.25e-05,9.25e-05
277,1061.99,0.52629,0.30977,0.82774,0.96136,0.98122,0.98929,0.8637,0.53924,0.29532,0.84725,8.92e-05,8.92e-05,8.92e-05
278,1065.76,0.51388,0.30127,0.82227,0.96141,0.98279,0.98913,0.86323,0.53788,0.29848,0.8467,8.59e-05,8.59e-05,8.59e-05
279,1069.48,0.51932,0.28947,0.83009,0.96141,0.98279,0.98913,0.86323,0.53788,0.29848,0.8467,8.26e-05,8.26e-05,8.26e-05
280,1073.22,0.53113,0.29864,0.81684,0.96141,0.98279,0.98913,0.86323,0.53788,0.29848,0.8467,7.93e-05,7.93e-05,7.93e-05
281,1076.98,0.51338,0.28939,0.82571,0.96009,0.98376,0.98938,0.8616,0.54467,0.30188,0.84889,7.6e-05,7.6e-05,7.6e-05
282,1080.76,0.49817,0.28956,0.80729,0.96009,0.98376,0.98938,0.8616,0.54467,0.30188,0.84889,7.27e-05,7.27e-05,7.27e-05
283,1084.59,0.56281,0.31646,0.82661,0.9616,0.98144,0.98885,0.86131,0.55125,0.30299,0.85012,6.94e-05,6.94e-05,6.94e-05
284,1088.29,0.5303,0.30249,0.82258,0.9616,0.98144,0.98885,0.86131,0.55125,0.30299,0.85012,6.61e-05,6.61e-05,6.61e-05
285,1092.03,0.52274,0.29257,0.80798,0.98114,0.96561,0.98977,0.85919,0.54989,0.3033,0.84897,6.28e-05,6.28e-05,6.28e-05
286,1095.72,0.54024,0.32841,0.87027,0.98114,0.96561,0.98977,0.85919,0.54989,0.3033,0.84897,5.95e-05,5.95e-05,5.95e-05
287,1099.42,0.52373,0.29427,0.83517,0.9772,0.97448,0.98969,0.86105,0.54343,0.29688,0.8474,5.62e-05,5.62e-05,5.62e-05
288,1103.09,0.51595,0.2825,0.82133,0.9772,0.97448,0.98969,0.86105,0.54343,0.29688,0.8474,5.29e-05,5.29e-05,5.29e-05
289,1106.81,0.51099,0.28179,0.81897,0.97201,0.9768,0.98974,0.86164,0.54329,0.29851,0.84763,4.96e-05,4.96e-05,4.96e-05
290,1110.49,0.50868,0.29489,0.81389,0.97201,0.9768,0.98974,0.86164,0.54329,0.29851,0.84763,4.63e-05,4.63e-05,4.63e-05
291,1114.72,0.53359,0.30973,0.84252,0.97201,0.9768,0.98974,0.86164,0.54329,0.29851,0.84763,4.3e-05,4.3e-05,4.3e-05
292,1118.47,0.51191,0.30114,0.84529,0.96693,0.98144,0.98892,0.86013,0.54352,0.29564,0.84844,3.97e-05,3.97e-05,3.97e-05
293,1122.12,0.54246,0.33894,0.85937,0.96693,0.98144,0.98892,0.86013,0.54352,0.29564,0.84844,3.64e-05,3.64e-05,3.64e-05
294,1125.82,0.55624,0.33891,0.8414,0.97536,0.9652,0.98819,0.85819,0.54728,0.29745,0.85023,3.31e-05,3.31e-05,3.31e-05
295,1129.47,0.55544,0.34716,0.83854,0.97536,0.9652,0.98819,0.85819,0.54728,0.29745,0.85023,2.98e-05,2.98e-05,2.98e-05
296,1133.17,0.52602,0.30022,0.84941,0.96117,0.97647,0.98809,0.85809,0.5483,0.29825,0.85083,2.65e-05,2.65e-05,2.65e-05
297,1136.84,0.54538,0.32037,0.82903,0.96117,0.97647,0.98809,0.85809,0.5483,0.29825,0.85083,2.32e-05,2.32e-05,2.32e-05
298,1140.52,0.51653,0.29973,0.84293,0.95721,0.98144,0.98773,0.8571,0.54707,0.29989,0.85139,1.99e-05,1.99e-05,1.99e-05
299,1144.16,0.50645,0.29364,0.85195,0.95721,0.98144,0.98773,0.8571,0.54707,0.29989,0.85139,1.66e-05,1.66e-05,1.66e-05
300,1147.84,0.52275,0.30138,0.83586,0.95795,0.98144,0.98792,0.85763,0.54744,0.29926,0.85146,1.33e-05,1.33e-05,1.33e-05
